politica,reward_medio,reward_std,lucro_medio,perdas_medio,rupturas_medio
DQN V11 (nosso),713771.125,7392.08984375,655040.49,1800.63,150.65
Sempre combo,487704.46875,8763.73046875,660338.84,1738.61,135.66
Aleatória,462908.90625,7720.1298828125,653484.15,1734.9,141.57
Sem promoção,594222.22,8184.42,658145.44,1774.82,141.21
