politica,reward_medio,reward_std,lucro_medio,perdas_medio,rupturas_medio
DQN V11 (nosso),210860.21875,16712.1796875,215361.98,564.86,23.79
Sempre combo,160003.28125,7921.669921875,217388.4,536.85,25.42
Aleatória,151553.265625,11784.3203125,213818.4,543.78,22.47
Sem promoção,195161.13,22983.43,215865.59,558.94,21.92
