politica,reward_medio,reward_std,lucro_medio,perdas_medio,rupturas_medio
DQN V11 (nosso),872762.1875,6715.93994140625,658256.11,1731.98,170.33
Sempre combo,541291.25,8184.42,658145.44,1774.82,141.21
Aleatória,460240.90625,9793.2001953125,652451.29,1741.88,148.46
Sem promoção,574141.25,8184.42,658145.44,1774.82,141.21
