politica,reward_medio,reward_std,lucro_medio,perdas_medio,rupturas_medio
DQN V11 (nosso),869497.1875,8107.77001953125,655137.35,1759.6,165.13
Sempre combo,541291.25,8184.42,658145.44,1774.82,141.21
Aleatória,459655.5625,12127.5498046875,651914.69,1747.26,146.55
Sem promoção,574141.25,8184.42,658145.44,1774.82,141.21
