politica,reward_medio,reward_std,lucro_medio,perdas_medio,rupturas_medio
DQN V11 (nosso),767076.375,7775.8701171875,657011.05,1781.89,136.09
Sempre combo,541291.25,8184.42,658145.44,1774.82,141.21
Aleatória,452399.8125,14021.9697265625,652005.12,1754.24,143.99
Sem promoção,574141.25,8184.42,658145.44,1774.82,141.21
