politica,reward_medio,reward_std,lucro_medio,perdas_medio,rupturas_medio
DQN V11 (nosso),833131.8125,8532.3896484375,657972.75,1738.85,146.81
Sempre combo,541291.25,8184.42,658145.44,1774.82,141.21
Aleatória,461926.59375,11923.259765625,651499.72,1749.74,162.41
Sem promoção,574141.25,8184.42,658145.44,1774.82,141.21
