politica,reward_medio,reward_std,lucro_medio,perdas_medio,rupturas_medio
DQN V11 (nosso),709949.25,7553.14990234375,657195.86,1741.6,135.69
Sempre combo,480000.1875,8763.75,660338.84,1738.61,135.66
Aleatória,453221.625,9774.48046875,653000.92,1730.52,151.21
Sem promoção,574141.25,8184.42,658145.44,1774.82,141.21
