nosso_turno,n,ticket,pct,turno_nome
0,8013,50.74742130984648,43.24105552857374,Manhã (06-13)
1,7749,50.33453347486731,41.816415735794074,Tarde (14-19)
2,2769,50.86889142975584,14.942528735632186,Noite (20-05)
