Customer_Category,n,ticket_medio,itens_medio,pct
Adult (30-49),6507,50.221833410173666,4.815890579376057,35.114133074307915
Young Adult (20-29),4637,51.18173819279707,4.883545395729998,25.022934542118612
Middle-aged (50-64),3664,49.60575327510917,4.763373362445415,19.772273487669313
Senior (65+),1891,51.58652564780539,4.907985193019567,10.204522152069504
Teenager (13-19),1832,50.96868995633188,4.829694323144105,9.886136743834657
