Promotion,n,ticket_medio,itens_medio,pct
BOGO (Buy One Get One),6136,50.224206323337675,4.81861147327249,49.77691246856494
Discount on Selected Items,6191,51.06908900016152,4.874656759812631,50.22308753143506
