category,promotion_applied,n,vendas_medias
Appliances,False,1146,301.26178010471205
Appliances,True,1269,293.3459416863672
Electronics,False,1247,299.47794707297516
Electronics,True,1338,302.3101644245142
