politica,reward_medio,reward_std,lucro_medio,perdas_medio,rupturas_medio
DQN V11 (nosso),873274.25,5389.27001953125,658804.27,1732.23,168.11
Sempre combo,541048.88,5582.03,658141.55,1779.09,142.19
Aleatória,461999.625,9164.6396484375,651994.14,1771.71,142.56
Sem promoção,573898.88,5582.03,658141.55,1779.09,142.19
